,categories
0, & Probates
1, ATV Rentals/Tours
2, Acai Bowls
3, Accessories
4, Accountants
5, Acne Treatment
6, Active Life
7, Acupuncture
8, Addiction Medicine
9, Adoption Services
10, Adult
11, Adult Education
12, Adult Entertainment
13, Advertising
14, Aerial Fitness
15, Aerial Tours
16, Aestheticians
17, Afghan
18, African
19, Air Duct Cleaning
20, Airlines
21, Airport Lounges
22, Airport Shuttles
23, Airport Terminals
24, Airports
25, Allergists
26, Alternative Medicine
27, Amateur Sports Teams
28, American (New)
29, American (Traditional)
30, Amusement Parks
31, Anesthesiologists
32, Animal Shelters
33, Antiques
34, Apartment Agents
35, Apartments
36, Appliances
37, Appliances & Repair
38, Appraisal Services
39, Aquarium Services
40, Aquariums
41, Arabic
42, Arcades
43, Archery
44, Architectural Tours
45, Argentine
46, Armenian
47, Art Classes
48, Art Galleries
49, Art Museums
50, Art Schools
51, Art Supplies
52, Arts & Crafts
53, Arts & Entertainment
54, Asian Fusion
55, Assisted Living Facilities
56, Attraction Farms
57, Audio/Visual Equipment Rental
58, Audiologist
59, Australian
60, Austrian
61, Auto Customization
62, Auto Detailing
63, Auto Glass Services
64, Auto Insurance
65, Auto Loan Providers
66, Auto Parts & Supplies
67, Auto Repair
68, Auto Security
69, Auto Upholstery
70, Automotive
71, Aviation Services
72, Awnings
73, Axe Throwing
74, Baby Gear & Furniture
75, Backflow Services
76, Bagels
77, Bakeries
78, Balloon Services
79, Bankruptcy Law
80, Banks & Credit Unions
81, Bar Crawl
82, Barbeque
83, Barbers
84, Barre Classes
85, Bars
86, Bartenders
87, Basketball Courts
88, Basque
89, Battery Stores
90, Beach Equipment Rentals
91, Beaches
92, Beauty & Spas
93, Bed & Breakfast
94, Beer
95, Beer Bar
96, Beer Gardens
97, Beer Tours
98, Belgian
99, Bespoke Clothing
100, Beverage Store
101, Bike Rentals
102, Bike Repair/Maintenance
103, Bike Sharing
104, Bike tours
105, Bikes
106, Bird Shops
107, Blood & Plasma Donation Centers
108, Blow Dry/Out Services
109, Boat Charters
110, Boat Dealers
111, Boat Repair
112, Boat Tours
113, Boating
114, Body Contouring
115, Body Shops
116, Bookbinding
117, Books
118, Bookstores
119, Boot Camps
120, Botanical Gardens
121, Boudoir Photography
122, Bounce House Rentals
123, Bowling
124, Boxing
125, Brasseries
126, Brazilian
127, Brazilian Jiu-jitsu
128, Breakfast & Brunch
129, Breweries
130, Brewing Supplies
131, Brewpubs
132, Bridal
133, British
134, Bubble Tea
135, Buddhist Temples
136, Buffets
137, Building Supplies
138, Burgers
139, Burmese
140, Bus Tours
141, Buses
142, Business Consulting
143, Business Law
144, Butcher
145, CPR Classes
146, CSA
147, Cabaret
148, Cabinetry
149, Cafes
150, Cafeteria
151, Cajun/Creole
152, Calligraphy
153, Campgrounds
154, Candle Stores
155, Candy Stores
156, Cannabis Clinics
157, Cannabis Dispensaries
158, Cantonese
159, Car Auctions
160, Car Brokers
161, Car Buyers
162, Car Dealers
163, Car Rental
164, Car Share Services
165, Car Stereo Installation
166, Car Wash
167, Car Window Tinting
168, Cardio Classes
169, Cardiologists
170, Cards & Stationery
171, Career Counseling
172, Caribbean
173, Carpenters
174, Carpet Cleaning
175, Carpet Installation
176, Carpeting
177, Casinos
178, Caterers
179, Challenge Courses
180, Champagne Bars
181, Cheese Shops
182, Cheesesteaks
183, Chicken Shop
184, Chicken Wings
185, Child Care & Day Care
186, Childbirth Education
187, Childproofing
188, Children's Clothing
189, Children's Museums
190, Chinese
191, Chiropractors
192, Chocolatiers & Shops
193, Christmas Trees
194, Churches
195, Cideries
196, Cigar Bars
197, Cinema
198, Circuit Training Gyms
199, Climbing
200, Clock Repair
201, Clothing Rental
202, Club Crawl
203, Cocktail Bars
204, Coffee & Tea
205, Coffee Roasteries
206, Colleges & Universities
207, Colombian
208, Comedy Clubs
209, Comfort Food
210, Comic Books
211, Commercial Real Estate
212, Commercial Truck Dealers
213, Commercial Truck Repair
214, Commissioned Artists
215, Community Centers
216, Community Service/Non-Profit
217, Computers
218, Condominiums
219, Consumer Law
220, Contract Law
221, Contractors
222, Convenience Stores
223, Cooking Classes
224, Cooking Schools
225, Cosmetic Dentists
226, Cosmetic Surgeons
227, Cosmetics & Beauty Supply
228, Cosmetology Schools
229, Costumes
230, Counseling & Mental Health
231, Countertop Installation
232, Country Clubs
233, Country Dance Halls
234, Couriers & Delivery Services
235, Courthouses
236, Cremation Services
237, Creperies
238, Criminal Defense Law
239, Cuban
240, Cucina campana
241, Cultural Center
242, Cupcakes
243, Currency Exchange
244, Custom Cakes
245, Customized Merchandise
246, Cycling Classes
247, DJs
248, DUI Law
249, Damage Restoration
250, Dance Clubs
251, Dance Schools
252, Dance Studios
253, Data Recovery
254, Day Camps
255, Day Spas
256, Decks & Railing
257, Delis
258, Demolition Services
259, Dental Hygienists
260, Dentists
261, Department Stores
262, Departments of Motor Vehicles
263, Dermatologists
264, Desserts
265, Diagnostic Imaging
266, Diagnostic Services
267, Diamond Buyers
268, Dietitians
269, Digitizing Services
270, Dim Sum
271, Diners
272, Dinner Theater
273, Discount Store
274, Distilleries
275, Dive Bars
276, Dive Shops
277, Diving
278, Divorce & Family Law
279, Do-It-Yourself Food
280, Doctors
281, Dog Parks
282, Dog Walkers
283, Dominican
284, Donation Center
285, Donuts
286, Door Sales/Installation
287, Doulas
288, Drive-Thru Bars
289, Driving Schools
290, Drones
291, Drugstores
292, Dry Cleaning
293, Dry Cleaning & Laundry
294, Drywall Installation & Repair
295, Dumpster Rental
296, Ear Nose & Throat
297, Eatertainment
298, Editorial Services
299, Education
300, Educational Services
301, Electricians
302, Electricity Suppliers
303, Electronics
304, Electronics Repair
305, Elementary Schools
306, Embroidery & Crochet
307, Emergency Medicine
308, Emergency Pet Hospital
309, Emergency Rooms
310, Empanadas
311, Employment Agencies
312, Employment Law
313, Endocrinologists
314, Endodontists
315, Engraving
316, Environmental Abatement
317, Environmental Testing
318, Escape Games
319, Estate Liquidation
320, Estate Planning Law
321, Estheticians
322, Ethical Grocery
323, Ethiopian
324, Ethnic Food
325, Ethnic Grocery
326, Event Photography
327, Event Planning & Services
328, Excavation Services
329, Eyebrow Services
330, Eyelash Service
331, Eyewear & Opticians
332, Fabric Stores
333, Falafel
334, Family Practice
335, Farm Equipment Repair
336, Farmers Market
337, Farms
338, Fashion
339, Fast Food
340, Fences & Gates
341, Ferries
342, Fertility
343, Festivals
344, Filipino
345, Financial Advising
346, Financial Services
347, Fire Protection Services
348, Firearm Training
349, Fireplace Services
350, Firewood
351, Fireworks
352, Fish & Chips
353, Fishing
354, Fitness & Instruction
355, Fitness/Exercise Equipment
356, Flea Markets
357, Flight Instruction
358, Float Spa
359, Flooring
360, Floral Designers
361, Florists
362, Flowers & Gifts
363, Fondue
364, Food
365, Food Banks
366, Food Court
367, Food Delivery Services
368, Food Stands
369, Food Tours
370, Food Trucks
371, Formal Wear
372, Foundation Repair
373, Framing
374, Free Diving
375, French
376, Fruits & Veggies
377, Funeral Services & Cemeteries
378, Furniture Assembly
379, Furniture Rental
380, Furniture Repair
381, Furniture Reupholstery
382, Furniture Stores
383, Garage Door Services
384, Gardeners
385, Gas Stations
386, Gastroenterologist
387, Gastropubs
388, Gay Bars
389, Gelato
390, Gemstones & Minerals
391, General Dentistry
392, General Litigation
393, Generator Installation/Repair
394, German
395, Gift Shops
396, Glass & Mirrors
397, Glass Blowing
398, Gluten-Free
399, Go Karts
400, Gold Buyers
401, Golf
402, Golf Equipment
403, Golf Equipment Shops
404, Golf Lessons
405, Graphic Design
406, Greek
407, Grill Services
408, Grilling Equipment
409, Grocery
410, Grout Services
411, Guest Houses
412, Guitar Stores
413, Gun/Rifle Ranges
414, Guns & Ammo
415, Gunsmith
416, Gutter Services
417, Gymnastics
418, Gyms
419, Hair Extensions
420, Hair Loss Centers
421, Hair Removal
422, Hair Salons
423, Hair Stylists
424, Haitian
425, Halal
426, Handyman
427, Hardware Stores
428, Hats
429, Haunted Houses
430, Hawaiian
431, Hazardous Waste Disposal
432, Head Shops
433, Health & Medical
434, Health Coach
435, Health Insurance Offices
436, Health Markets
437, Health Retreats
438, Heating & Air Conditioning/HVAC
439, Henna Artists
440, Herbal Shops
441, Herbs & Spices
442, High Fidelity Audio Equipment
443, Hiking
444, Hindu Temples
445, Historical Tours
446, Hobby Shops
447, Holiday Decorating Services
448, Holistic Animal Care
449, Home & Garden
450, Home & Rental Insurance
451, Home Automation
452, Home Cleaning
453, Home Decor
454, Home Developers
455, Home Energy Auditors
456, Home Health Care
457, Home Inspectors
458, Home Network Installation
459, Home Organization
460, Home Services
461, Home Staging
462, Home Theatre Installation
463, Home Window Tinting
464, Homeless Shelters
465, Homeowner Association
466, Honey
467, Hookah Bars
468, Horseback Riding
469, Hospice
470, Hospitals
471, Hostels
472, Hot Dogs
473, Hot Pot
474, Hot Tub & Pool
475, Hotels
476, Hotels & Travel
477, House Sitters
478, Hunting & Fishing Supplies
479, Hybrid Car Repair
480, Hydro-jetting
481, Hydroponics
482, Hydrotherapy
483, Hypnosis/Hypnotherapy
484, IP & Internet Law
485, IT Services & Computer Repair
486, IV Hydration
487, Ice Cream & Frozen Yogurt
488, Immigration Law
489, Immunodermatologists
490, Imported Food
491, Indian
492, Indoor Playcentre
493, Insulation Installation
494, Insurance
495, Interior Design
496, Internal Medicine
497, International Grocery
498, Internet Cafes
499, Internet Service Providers
500, Interval Training Gyms
501, Investing
502, Irish
503, Irish Pub
504, Irrigation
505, Italian
506, Izakaya
507, Japanese
508, Japanese Curry
509, Jazz & Blues
510, Jet Skis
511, Jewelry
512, Jewelry Repair
513, Juice Bars & Smoothies
514, Junk Removal & Hauling
515, Junkyards
516, Karaoke
517, Karate
518, Kebab
519, Keys & Locksmiths
520, Kickboxing
521, Kids Activities
522, Kids Hair Salons
523, Kitchen & Bath
524, Kitchen Supplies
525, Knife Sharpening
526, Knitting Supplies
527, Kombucha
528, Korean
529, Kosher
530, Laboratory Testing
531, Lactation Services
532, Landmarks & Historical Buildings
533, Landscape Architects
534, Landscaping
535, Language Schools
536, Laotian
537, Laser Eye Surgery/Lasik
538, Laser Hair Removal
539, Laser Tag
540, Latin American
541, Laundromat
542, Laundry Services
543, Lawn Services
544, Lawyers
545, Leather Goods
546, Lebanese
547, Legal Services
548, Leisure Centers
549, Libraries
550, Lice Services
551, Life Coach
552, Life Insurance
553, Lighting Fixtures & Equipment
554, Lighting Stores
555, Limos
556, Lingerie
557, Live/Raw Food
558, Livestock Feed & Supply
559, Local Fish Stores
560, Local Flavor
561, Local Services
562, Lounges
563, Luggage
564, Macarons
565, Mags
566, Mailbox Centers
567, Makeup Artists
568, Malaysian
569, Marketing
570, Martial Arts
571, Masonry/Concrete
572, Mass Media
573, Massage
574, Massage Schools
575, Massage Therapy
576, Matchmakers
577, Maternity Wear
578, Mattresses
579, Meaderies
580, Meat Shops
581, Mediators
582, Medical Cannabis Referrals
583, Medical Centers
584, Medical Law
585, Medical Spas
586, Medical Supplies
587, Meditation Centers
588, Mediterranean
589, Men's Clothing
590, Men's Hair Salons
591, Metal Fabricators
592, Mexican
593, Middle Eastern
594, Middle Schools & High Schools
595, Midwives
596, Mobile Dent Repair
597, Mobile Phone Accessories
598, Mobile Phone Repair
599, Mobile Phones
600, Mobility Equipment Sales & Services
601, Modern European
602, Mongolian
603, Montessori Schools
604, Moroccan
605, Mortgage Brokers
606, Mortgage Lenders
607, Motorcycle Dealers
608, Motorcycle Gear
609, Motorcycle Parts & Supplies
610, Motorcycle Rental
611, Motorcycle Repair
612, Motorsport Vehicle Repairs
613, Mountain Biking
614, Movers
615, Muay Thai
616, Museums
617, Music & DVDs
618, Music & Video
619, Music Production Services
620, Music Venues
621, Musical Instrument Services
622, Musical Instruments & Teachers
623, Musicians
624, Nail Salons
625, Nail Technicians
626, Nanny Services
627, Naturopathic/Holistic
628, Neurologist
629, Neurotologists
630, New Mexican Cuisine
631, Newspapers & Magazines
632, Nightlife
633, Noodles
634, Notaries
635, Nurseries & Gardening
636, Nursing Schools
637, Nutritionists
638, Obstetricians & Gynecologists
639, Occupational Therapy
640, Office Cleaning
641, Office Equipment
642, Officiants
643, Oil Change Stations
644, Olive Oil
645, Oncologist
646, Ophthalmologists
647, Optometrists
648, Oral Surgeons
649, Organic Stores
650, Orthodontists
651, Orthopedists
652, Orthotics
653, Osteopathic Physicians
654, Outdoor Furniture Stores
655, Outdoor Gear
656, Outlet Stores
657, Oxygen Bars
658, Packing Services
659, Packing Supplies
660, Paddleboarding
661, Pain Management
662, Paint & Sip
663, Paint Stores
664, Paint-Your-Own Pottery
665, Paintball
666, Painters
667, Pakistani
668, Pan Asian
669, Parenting Classes
670, Parking
671, Parks
672, Party & Event Planning
673, Party Bike Rentals
674, Party Bus Rentals
675, Party Equipment Rentals
676, Party Supplies
677, Passport & Visa Services
678, Pasta Shops
679, Patent Law
680, Patio Coverings
681, Patisserie/Cake Shop
682, Pawn Shops
683, Payroll Services
684, Pediatric Dentists
685, Pediatricians
686, Performing Arts
687, Perfume
688, Periodontists
689, Permanent Makeup
690, Persian/Iranian
691, Personal Assistants
692, Personal Chefs
693, Personal Injury Law
694, Personal Shopping
695, Peruvian
696, Pest Control
697, Pet Adoption
698, Pet Boarding
699, Pet Breeders
700, Pet Cremation Services
701, Pet Groomers
702, Pet Hospice
703, Pet Insurance
704, Pet Services
705, Pet Sitting
706, Pet Stores
707, Pet Training
708, Pet Transportation
709, Pet Waste Removal
710, Pets
711, Pharmacy
712, Photo Booth Rentals
713, Photographers
714, Photography Classes
715, Photography Stores & Services
716, Physical Therapy
717, Piano Bars
718, Piano Services
719, Piercing
720, Pilates
721, Pizza
722, Placenta Encapsulations
723, Plastic Surgeons
724, Playgrounds
725, Plumbing
726, Plus Size Fashion
727, Podiatrists
728, Poke
729, Pole Dancing Classes
730, Police Departments
731, Pool & Billiards
732, Pool & Hot Tub Service
733, Pool Cleaners
734, Pool Halls
735, Pop-Up Restaurants
736, Pop-up Shops
737, Popcorn Shops
738, Post Offices
739, Powder Coating
740, Prenatal/Perinatal Care
741, Preschools
742, Pressure Washers
743, Pretzels
744, Printing Services
745, Private Tutors
746, Product Design
747, Professional Services
748, Professional Sports Teams
749, Propane
750, Property Management
751, Prosthodontists
752, Psychiatrists
753, Psychic Mediums
754, Psychics
755, Psychologists
756, Public Adjusters
757, Public Art
758, Public Markets
759, Public Relations
760, Public Services & Government
761, Public Transportation
762, Pubs
763, Puerto Rican
764, Pulmonologist
765, Pumpkin Patches
766, RV Dealers
767, RV Parks
768, RV Rental
769, RV Repair
770, Race Tracks
771, Radio Stations
772, Radiologists
773, Rafting/Kayaking
774, Ramen
775, Real Estate
776, Real Estate Agents
777, Real Estate Law
778, Real Estate Photography
779, Real Estate Services
780, Recording & Rehearsal Studios
781, Recreation Centers
782, Recycling Center
783, Refinishing Services
784, Reflexology
785, Rehabilitation Center
786, Reiki
787, Religious Items
788, Religious Organizations
789, Reproductive Health Services
790, Reptile Shops
791, Resorts
792, Restaurant Supplies
793, Restaurants
794, Retirement Homes
795, Rheumatologists
796, Roadside Assistance
797, Rock Climbing
798, Rolfing
799, Roof Inspectors
800, Roofing
801, Rugs
802, Russian
803, Safe Stores
804, Safety Equipment
805, Salad
806, Salvadoran
807, Sandblasting
808, Sandwiches
809, Saunas
810, Scandinavian
811, Screen Printing
812, Screen Printing/T-Shirt Printing
813, Scuba Diving
814, Seafood
815, Seafood Markets
816, Security Services
817, Security Systems
818, Self Storage
819, Septic Services
820, Service Stations
821, Session Photography
822, Sewing & Alterations
823, Shades & Blinds
824, Shanghainese
825, Shared Office Spaces
826, Shaved Ice
827, Shaved Snow
828, Shipping Centers
829, Shoe Repair
830, Shoe Shine
831, Shoe Stores
832, Shopping
833, Shopping Centers
834, Shredding Services
835, Shutters
836, Siding
837, Signmaking
838, Skate Parks
839, Skate Shops
840, Skating Rinks
841, Skilled Nursing
842, Skin Care
843, Skydiving
844, Sleep Specialists
845, Smog Check Stations
846, Smokehouse
847, Snorkeling
848, Snow Removal
849, Soccer
850, Social Clubs
851, Social Security Law
852, Software Development
853, Solar Installation
854, Solar Panel Cleaning
855, Soul Food
856, Soup
857, Southern
858, Souvenir Shops
859, Spanish
860, Speakeasies
861, Special Education
862, Specialty Food
863, Specialty Schools
864, Spine Surgeons
865, Spiritual Shop
866, Sporting Goods
867, Sports Bars
868, Sports Betting
869, Sports Clubs
870, Sports Medicine
871, Sports Wear
872, Spray Tanning
873, Stadiums & Arenas
874, Steakhouses
875, Street Vendors
876, Strip Clubs
877, Striptease Dancers
878, Structural Engineers
879, Stucco Services
880, Sugaring
881, Summer Camps
882, Sunglasses
883, Supernatural Readings
884, Surf Shop
885, Surgeons
886, Sushi Bars
887, Swimming Lessons/Schools
888, Swimming Pools
889, Swimwear
890, Syrian
891, Szechuan
892, TV Mounting
893, Tabletop Games
894, Tacos
895, Tai Chi
896, Taiwanese
897, Tanning
898, Tanning Beds
899, Tapas Bars
900, Tapas/Small Plates
901, Tasting Classes
902, Tattoo
903, Tattoo Removal
904, Tax Law
905, Tax Services
906, Taxidermy
907, Taxis
908, Tea Rooms
909, Teacher Supplies
910, Team Building Activities
911, Teeth Whitening
912, Telecommunications
913, Television Service Providers
914, Tennis
915, Teppanyaki
916, Test Preparation
917, Tex-Mex
918, Thai
919, Themed Cafes
920, Threading Services
921, Thrift Stores
922, Ticket Sales
923, Tiki Bars
924, Tiling
925, Tires
926, Tobacco Shops
927, Tours
928, Towing
929, Town Car Service
930, Toy Stores
931, Traditional Chinese Medicine
932, Traffic Schools
933, Traffic Ticketing Law
934, Trailer Dealers
935, Trailer Repair
936, Train Stations
937, Trainers
938, Trains
939, Trampoline Parks
940, Transmission Repair
941, Transportation
942, Travel Agents
943, Travel Services
944, Tree Services
945, Trinidadian
946, Truck Rental
947, Trusts
948, Tui Na
949, Turkish
950, Tuscan
951, Tutoring Centers
952, Uniforms
953, University Housing
954, Urgent Care
955, Urologists
956, Used
957, Used Bookstore
958, Used Car Dealers
959, Utilities
960, Vacation Rentals
961, Valet Services
962, Vape Shops
963, Vascular Medicine
964, Vegan
965, Vegetarian
966, Vehicle Shipping
967, Vehicle Wraps
968, Venezuelan
969, Venues & Event Spaces
970, Veterinarians
971, Video Game Stores
972, Video/Film Production
973, Videographers
974, Videos & Video Game Rental
975, Vietnamese
976, Vintage & Consignment
977, Vinyl Records
978, Virtual Reality Centers
979, Visitor Centers
980, Vitamins & Supplements
981, Vocational & Technical School
982, Waffles
983, Walk-in Clinics
984, Walking Tours
985, Wallpapering
986, Watch Repair
987, Watches
988, Water Delivery
989, Water Heater Installation/Repair
990, Water Parks
991, Water Purification Services
992, Water Stores
993, Waterproofing
994, Waxing
995, Web Design
996, Wedding Chapels
997, Wedding Planning
998, Weight Loss Centers
999, Well Drilling
1000, Wheel & Rim Repair
1001, Wholesale Stores
1002, Wholesalers
1003, Wigs
1004, Wildlife Control
1005, Wills
1006, Window Washing
1007, Windows Installation
1008, Windshield Installation & Repair
1009, Wine & Spirits
1010, Wine Bars
1011, Wine Tasting Classes
1012, Wine Tasting Room
1013, Wine Tours
1014, Wineries
1015, Women's Clothing
1016, Workers Compensation Law
1017, Wraps
1018, Yelp Events
1019, Yoga
1020, Zoos
1021,Acai Bowls
1022,Accessories
1023,Active Life
1024,Acupuncture
1025,Adult
1026,Adult Education
1027,Adult Entertainment
1028,Advertising
1029,Aestheticians
1030,African
1031,Air Duct Cleaning
1032,Airlines
1033,Airport Lounges
1034,Airport Shuttles
1035,Airport Terminals
1036,Airports
1037,Allergists
1038,American (New)
1039,American (Traditional)
1040,Amusement Parks
1041,Antiques
1042,Apartments
1043,Appliances
1044,Appliances & Repair
1045,Aquarium Services
1046,Aquariums
1047,Arabic
1048,Arcades
1049,Archery
1050,Architectural Tours
1051,Argentine
1052,Art Classes
1053,Art Galleries
1054,Art Museums
1055,Art Supplies
1056,Arts & Crafts
1057,Arts & Entertainment
1058,Asian Fusion
1059,Auto Customization
1060,Auto Detailing
1061,Auto Glass Services
1062,Auto Insurance
1063,Auto Parts & Supplies
1064,Auto Repair
1065,Auto Upholstery
1066,Automotive
1067,Axe Throwing
1068,Baby Gear & Furniture
1069,Bagels
1070,Bakeries
1071,Bangladeshi
1072,Bankruptcy Law
1073,Banks & Credit Unions
1074,Barbeque
1075,Barbers
1076,Barre Classes
1077,Bars
1078,Bartenders
1079,Bartending Schools
1080,Basque
1081,Battery Stores
1082,Beach Equipment Rentals
1083,Beaches
1084,Beauty & Spas
1085,Beer
1086,Beer Bar
1087,Beer Gardens
1088,Bespoke Clothing
1089,Beverage Store
1090,Bike Rentals
1091,Bike Repair/Maintenance
1092,Bikes
1093,Bingo Halls
1094,Blood & Plasma Donation Centers
1095,Blow Dry/Out Services
1096,Boat Repair
1097,Boating
1098,Body Shops
1099,Books
1100,Bookstores
1101,Boot Camps
1102,Bowling
1103,Boxing
1104,Brazilian
1105,Breakfast & Brunch
1106,Breweries
1107,Brewpubs
1108,Bridal
1109,British
1110,Bubble Tea
1111,Buffets
1112,Building Supplies
1113,Burgers
1114,Buses
1115,Business Consulting
1116,Business Law
1117,Butcher
1118,CSA
1119,Cabinetry
1120,Cafes
1121,Cajun/Creole
1122,Campgrounds
1123,Candy Stores
1124,Cannabis Clinics
1125,Cannabis Dispensaries
1126,Cantonese
1127,Car Dealers
1128,Car Rental
1129,Car Stereo Installation
1130,Car Wash
1131,Car Window Tinting
1132,Cardiologists
1133,Cards & Stationery
1134,Caribbean
1135,Carpenters
1136,Carpet Cleaning
1137,Carpet Installation
1138,Carpeting
1139,Casinos
1140,Caterers
1141,Cheese Shops
1142,Cheesesteaks
1143,Chicken Shop
1144,Chicken Wings
1145,Child Care & Day Care
1146,Childbirth Education
1147,Children's Clothing
1148,Chinese
1149,Chiropractors
1150,Chocolatiers & Shops
1151,Churches
1152,Cideries
1153,Cinema
1154,Circuit Training Gyms
1155,Clothing Rental
1156,Cocktail Bars
1157,Coffee & Tea
1158,Coffee Roasteries
1159,Coffeeshops
1160,Colleges & Universities
1161,Colombian
1162,Colonics
1163,Comedy Clubs
1164,Comfort Food
1165,Comic Books
1166,Commercial Truck Repair
1167,Community Centers
1168,Community Service/Non-Profit
1169,Computers
1170,Concierge Medicine
1171,Condominiums
1172,Contractors
1173,Convenience Stores
1174,Cooking Classes
1175,Cosmetic Dentists
1176,Cosmetic Surgeons
1177,Cosmetics & Beauty Supply
1178,Cosmetology Schools
1179,Costumes
1180,Counseling & Mental Health
1181,Countertop Installation
1182,Couriers & Delivery Services
1183,Creperies
1184,Criminal Defense Law
1185,Cryotherapy
1186,Cuban
1187,Cupcakes
1188,Custom Cakes
1189,Customized Merchandise
1190,Cycling Classes
1191,DJs
1192,DUI Law
1193,Damage Restoration
1194,Dance Clubs
1195,Dance Schools
1196,Dance Studios
1197,Day Spas
1198,Debt Relief Services
1199,Decks & Railing
1200,Delis
1201,Demolition Services
1202,Dental Hygienists
1203,Dentists
1204,Department Stores
1205,Departments of Motor Vehicles
1206,Dermatologists
1207,Desserts
1208,Diagnostic Imaging
1209,Diagnostic Services
1210,Dim Sum
1211,Diners
1212,Discount Store
1213,Distilleries
1214,Dive Bars
1215,Diving
1216,Divorce & Family Law
1217,Doctors
1218,Dog Parks
1219,Dog Walkers
1220,Dominican
1221,Donuts
1222,Door Sales/Installation
1223,Doulas
1224,Drive-In Theater
1225,Driving Schools
1226,Drones
1227,Drugstores
1228,Dry Cleaning
1229,Dry Cleaning & Laundry
1230,Drywall Installation & Repair
1231,Ear Nose & Throat
1232,Education
1233,Educational Services
1234,Electricians
1235,Electronics
1236,Electronics Repair
1237,Elementary Schools
1238,Emergency Pet Hospital
1239,Emergency Rooms
1240,Empanadas
1241,Employment Agencies
1242,Employment Law
1243,Endocrinologists
1244,Endodontists
1245,Escape Games
1246,Estate Planning Law
1247,Ethnic Food
1248,Event Photography
1249,Event Planning & Services
1250,Eyebrow Services
1251,Eyelash Service
1252,Eyewear & Opticians
1253,Fabric Stores
1254,Family Practice
1255,Farmers Market
1256,Farms
1257,Fashion
1258,Fast Food
1259,Fences & Gates
1260,Festivals
1261,Filipino
1262,Financial Advising
1263,Financial Services
1264,Fingerprinting
1265,Fishing
1266,Fitness & Instruction
1267,Fitness/Exercise Equipment
1268,Flea Markets
1269,Flooring
1270,Floral Designers
1271,Florists
1272,Flowers & Gifts
1273,Food
1274,Food Court
1275,Food Delivery Services
1276,Food Stands
1277,Food Tours
1278,Food Trucks
1279,Formal Wear
1280,Framing
1281,French
1282,Fruits & Veggies
1283,Funeral Services & Cemeteries
1284,Furniture Rental
1285,Furniture Reupholstery
1286,Furniture Stores
1287,Garage Door Services
1288,Gardeners
1289,Gas Stations
1290,Gastropubs
1291,Gay Bars
1292,Gelato
1293,General Dentistry
1294,General Litigation
1295,Gift Shops
1296,Glass & Mirrors
1297,Gluten-Free
1298,Gold Buyers
1299,Golf
1300,Golf Equipment
1301,Graphic Design
1302,Greek
1303,Grilling Equipment
1304,Grocery
1305,Guns & Ammo
1306,Gutter Services
1307,Gyms
1308,Hair Extensions
1309,Hair Loss Centers
1310,Hair Removal
1311,Hair Salons
1312,Hair Stylists
1313,Haitian
1314,Halal
1315,Halotherapy
1316,Handyman
1317,Hardware Stores
1318,Hats
1319,Hawaiian
1320,Head Shops
1321,Health & Medical
1322,Health Coach
1323,Health Insurance Offices
1324,Health Markets
1325,Health Retreats
1326,Heating & Air Conditioning/HVAC
1327,Herbal Shops
1328,Herbs & Spices
1329,Historical Tours
1330,Hobby Shops
1331,Holiday Decorating Services
1332,Holiday Decorations
1333,Home & Garden
1334,Home & Rental Insurance
1335,Home Automation
1336,Home Cleaning
1337,Home Decor
1338,Home Developers
1339,Home Inspectors
1340,Home Services
1341,Home Staging
1342,Home Theatre Installation
1343,Home Window Tinting
1344,Honduran
1345,Hookah Bars
1346,Horseback Riding
1347,Hospitals
1348,Hot Air Balloons
1349,Hot Dogs
1350,Hot Pot
1351,Hot Tub & Pool
1352,Hotels
1353,Hotels & Travel
1354,Hungarian
1355,Hunting & Fishing Supplies
1356,IT Services & Computer Repair
1357,IV Hydration
1358,Ice Cream & Frozen Yogurt
1359,Imported Food
1360,Indian
1361,Indoor Playcentre
1362,Insulation Installation
1363,Insurance
1364,Interior Design
1365,Internal Medicine
1366,International Grocery
1367,Internet Service Providers
1368,Interval Training Gyms
1369,Investing
1370,Irish
1371,Irish Pub
1372,Irrigation
1373,Italian
1374,Japanese
1375,Japanese Curry
1376,Jazz & Blues
1377,Jet Skis
1378,Jewelry
1379,Jewelry Repair
1380,Juice Bars & Smoothies
1381,Junk Removal & Hauling
1382,Karaoke
1383,Karate
1384,Kebab
1385,Keys & Locksmiths
1386,Kickboxing
1387,Kids Activities
1388,Kids Hair Salons
1389,Kitchen & Bath
1390,Kitchen Supplies
1391,Knitting Supplies
1392,Kombucha
1393,Korean
1394,Kosher
1395,Laboratory Testing
1396,Landmarks & Historical Buildings
1397,Landscaping
1398,Laotian
1399,Laser Eye Surgery/Lasik
1400,Laser Hair Removal
1401,Laser Tag
1402,Latin American
1403,Laundromat
1404,Laundry Services
1405,Lawn Services
1406,Lawyers
1407,Lebanese
1408,Leisure Centers
1409,Libraries
1410,Lice Services
1411,Life Insurance
1412,Lighting Fixtures & Equipment
1413,Limos
1414,Live/Raw Food
1415,Local Flavor
1416,Local Services
1417,Lounges
1418,Mailbox Centers
1419,Makeup Artists
1420,Marketing
1421,Martial Arts
1422,Masonry/Concrete
1423,Mass Media
1424,Massage
1425,Massage Therapy
1426,Mattresses
1427,Meat Shops
1428,Medical Cannabis Referrals
1429,Medical Centers
1430,Medical Spas
1431,Medical Supplies
1432,Meditation Centers
1433,Mediterranean
1434,Men's Clothing
1435,Men's Hair Salons
1436,Metal Detector Services
1437,Mexican
1438,Middle Eastern
1439,Mini Golf
1440,Mobile Phone Accessories
1441,Mobile Phone Repair
1442,Mobile Phones
1443,Mobility Equipment Sales & Services
1444,Modern European
1445,Moroccan
1446,Mortgage Brokers
1447,Mortgage Lenders
1448,Motorcycle Dealers
1449,Motorcycle Gear
1450,Motorcycle Repair
1451,Motorsport Vehicle Repairs
1452,Mountain Biking
1453,Movers
1454,Museums
1455,Music & DVDs
1456,Music Venues
1457,Musical Instrument Services
1458,Musical Instruments & Teachers
1459,Nail Salons
1460,Nail Technicians
1461,Naturopathic/Holistic
1462,Neurologist
1463,Neurotologists
1464,Nightlife
1465,Noodles
1466,Notaries
1467,Nurseries & Gardening
1468,Nutritionists
1469,Obstetricians & Gynecologists
1470,Office Cleaning
1471,Office Equipment
1472,Officiants
1473,Oil Change Stations
1474,Olive Oil
1475,Ophthalmologists
1476,Optometrists
1477,Oral Surgeons
1478,Organic Stores
1479,Orthodontists
1480,Orthopedists
1481,Outdoor Gear
1482,Outdoor Power Equipment Services
1483,Packing Services
1484,Packing Supplies
1485,Pain Management
1486,Paint & Sip
1487,Paintball
1488,Painters
1489,Pakistani
1490,Pan Asian
1491,Parking
1492,Parks
1493,Party & Event Planning
1494,Party Bus Rentals
1495,Party Equipment Rentals
1496,Party Supplies
1497,Pasta Shops
1498,Pawn Shops
1499,Pediatric Dentists
1500,Pediatricians
1501,Performing Arts
1502,Periodontists
1503,Permanent Makeup
1504,Persian/Iranian
1505,Personal Chefs
1506,Personal Injury Law
1507,Personal Shopping
1508,Peruvian
1509,Pest Control
1510,Pet Adoption
1511,Pet Breeders
1512,Pet Cremation Services
1513,Pet Groomers
1514,Pet Services
1515,Pet Sitting
1516,Pet Stores
1517,Pet Training
1518,Pets
1519,Pharmacy
1520,Photographers
1521,Photography Stores & Services
1522,Physical Therapy
1523,Piano Bars
1524,Piano Services
1525,Piercing
1526,Pilates
1527,Pizza
1528,Plastic Surgeons
1529,Playgrounds
1530,Plumbing
1531,Podiatrists
1532,Poke
1533,Pole Dancing Classes
1534,Pool & Billiards
1535,Pool & Hot Tub Service
1536,Pool Cleaners
1537,Pool Halls
1538,Pop-Up Restaurants
1539,Pop-up Shops
1540,Post Offices
1541,Preschools
1542,Pressure Washers
1543,Pretzels
1544,Print Media
1545,Printing Services
1546,Professional Services
1547,Professional Sports Teams
1548,Property Management
1549,Psychiatrists
1550,Psychic Mediums
1551,Psychologists
1552,Public Services & Government
1553,Public Transportation
1554,Pubs
1555,Puerto Rican
1556,Qi Gong
1557,RV Rental
1558,Race Tracks
1559,Radiologists
1560,Rafting/Kayaking
1561,Ramen
1562,Real Estate
1563,Real Estate Agents
1564,Real Estate Photography
1565,Real Estate Services
1566,Recreation Centers
1567,Recycling Center
1568,Reflexology
1569,Rehabilitation Center
1570,Reiki
1571,Religious Organizations
1572,Restaurants
1573,Retina Specialists
1574,Retirement Homes
1575,Rheumatologists
1576,Roadside Assistance
1577,Roofing
1578,Rugs
1579,Salad
1580,Salvadoran
1581,Sandwiches
1582,Screen Printing/T-Shirt Printing
1583,Scuba Diving
1584,Seafood
1585,Seafood Markets
1586,Security Systems
1587,Self Storage
1588,Senegalese
1589,Septic Services
1590,Service Stations
1591,Session Photography
1592,Sewing & Alterations
1593,Shades & Blinds
1594,Shaved Ice
1595,Shipping Centers
1596,Shoe Repair
1597,Shoe Stores
1598,Shopping
1599,Shopping Centers
1600,Shredding Services
1601,Shutters
1602,Sicilian
1603,Siding
1604,Signmaking
1605,Skating Rinks
1606,Skin Care
1607,Smog Check Stations
1608,Smokehouse
1609,Social Clubs
1610,Software Development
1611,Solar Installation
1612,Soul Food
1613,Soup
1614,Southern
1615,Spanish
1616,Special Education
1617,Specialty Food
1618,Specialty Schools
1619,Sporting Goods
1620,Sports Bars
1621,Sports Clubs
1622,Sports Medicine
1623,Sports Wear
1624,Stadiums & Arenas
1625,Steakhouses
1626,Street Vendors
1627,Structural Engineers
1628,Summer Camps
1629,Supernatural Readings
1630,Surgeons
1631,Sushi Bars
1632,Swimming Lessons/Schools
1633,Swimming Pools
1634,Szechuan
1635,Tabletop Games
1636,Tacos
1637,Taekwondo
1638,Tanning
1639,Tanning Beds
1640,Tapas Bars
1641,Tapas/Small Plates
1642,Tattoo
1643,Tattoo Removal
1644,Tax Services
1645,Taxidermy
1646,Taxis
1647,Tea Rooms
1648,Team Building Activities
1649,Teeth Whitening
1650,Telecommunications
1651,Television Service Providers
1652,Television Stations
1653,Tennis
1654,Tex-Mex
1655,Thai
1656,Threading Services
1657,Thrift Stores
1658,Ticket Sales
1659,Tiki Bars
1660,Tires
1661,Tobacco Shops
1662,Tours
1663,Towing
1664,Town Car Service
1665,Toy Stores
1666,Trailer Repair
1667,Train Stations
1668,Trainers
1669,Translation Services
1670,Transmission Repair
1671,Transportation
1672,Travel Agents
1673,Travel Services
1674,Tree Services
1675,Truck Rental
1676,Tutoring Centers
1677,Uniforms
1678,University Housing
1679,Urgent Care
1680,Urologists
1681,Used
1682,Used Bookstore
1683,Used Car Dealers
1684,Valet Services
1685,Vape Shops
1686,Vegan
1687,Vegetarian
1688,Vehicle Shipping
1689,Venezuelan
1690,Venues & Event Spaces
1691,Veterinarians
1692,Video/Film Production
1693,Videos & Video Game Rental
1694,Vietnamese
1695,Vinyl Records
1696,Vitamins & Supplements
1697,Vocational & Technical School
1698,Waffles
1699,Walking Tours
1700,Watch Repair
1701,Watches
1702,Water Delivery
1703,Water Heater Installation/Repair
1704,Water Purification Services
1705,Waxing
1706,Web Design
1707,Wedding Planning
1708,Weight Loss Centers
1709,Wheel & Rim Repair
1710,Whiskey Bars
1711,Wholesale Stores
1712,Wholesalers
1713,Wigs
1714,Wildlife Control
1715,Wills
1716,Window Washing
1717,Windows Installation
1718,Windshield Installation & Repair
1719,Wine Bars
1720,Wineries
1721,Women's Clothing
1722,Wraps
1723,Yoga
1724,Zoos
